"School_Name","Address"
"BUDDHIST SIN TAK COLLEGE","5 HING SHING ROAD KWAI CHUNG NEW TERRITORIES"
"BUDDHIST YIP KEI NAM MEMORIAL COLLEGE","CHEUNG CHING ESTATE TSING YI NEW TERRITORIES"
"CARITAS ST JOSEPH SEC SCH","10 FUNG SHUE WO ROAD TSING YI ESTATE TSING YI NEW TERRITORIES"
"CARMEL ALISON LAM FOUNDATION SEC SCH","4 WAH KING HILL ROAD KWAI CHUNG NEW TERRITORIES"
"CCC CHUEN YUEN COLLEGE","KWAI CHUNG ESTATE 15 SHEUNG KOK STREET KWAI CHUNG NEW TERRITORIES"
"CCC YENCHING COLLEGE","12 NGA YING CHAU STREET TSING YI NEW TERRITORIES"
"CNEC CHRISTIAN COLLEGE","6 LEI PUI STREET KWAI CHUNG NEW TERRITORIES"
"CNEC LEE I YAO MEMORIAL SECONDARY SCHOOL","1 SHING FUK STREET KWAI SHING NEW TERRITORIES"
"COTTON SPINNERS ASSOCIATION SEC SCHOOL","BLOCKS A, B, C & HALL BLOCK 350 KWAI SHING CIRCUIT KWAI CHUNG NEW TERRITORIES"
"DMHC SIU MING CATHOLIC SEC SCH","6 KWAI YIP STREET KWAI CHUNG NEW TERRITORIES"
"HKSYC&IA CHAN NAM CHONG MEMORIAL COLL","CHO YIU ESTATE 12 KING CHO ROAD KWAI CHUNG NEW TERRITORIES"
"HKTA THE YUEN YUEN INT NO.1 SEC SCH","42 WO YI HOP ROAD KWAI CHUNG NEW TERRITORIES"
"JU CHING CHU SEC SCH (KWAI CHUNG)","1-11 ON CHIT STREET KWAI CHUNG NEW TERRITORIES"
"KIANGSU-CHEKIANG COLLEGE (KWAI CHUNG)","83 HING SHING ROAD KWAI CHUNG NEW TERRITORIES"
"KWAI CHUNG METHODIST COLLEGE","ESTATE SECONDARY SCHOOL LAI YIU ESTATE HA KWAI CHUNG NEW TERRITORIES"
"LAI KING CATHOLIC SECONDARY SCHOOL","ESTATE SCHOOL NO. 1 LAI KING ESTATE KWAI CHUNG NEW TERRITORIES"
"LINGNAN DR CHUNG WING KWONG MEM SEC SCH","ESTATE SECONDARY SCHOOL NO 2 LAI KING ESTATE KWAI CHUNG NEW TERRITORIES"
"LIONS CLUBS INT TSEUNG CHUI KING COLLEGE","90 HING SHING ROAD, KWAI FONG KWAI CHUNG NEW TERRITORIES"
"LOK SIN TONG KU CHIU MAN SEC SCH","301 KWAI SHING CIRCUIT KWAI CHUNG NEW TERRITORIES"
"LOK SIN TONG LEUNG CHIK WAI MEMORIAL SCH","CHEUNG HONG ESTATE TSING YI NEW TERRITORIES"
"METHODIST LEE WAI LEE COLLEGE","2-4 KWAI YIP STREET KWAI CHUNG NEW TERRITORIES"
"PO LEUNG KUK LO KIT SING (1983) COLLEGE","CHEUNG HONG ESTATE TSING YI NEW TERRITORIES"
"POPE PAUL VI COLLEGE","8 LEI PUI STREET KWAI CHUNG NEW TERRITORIES"
"QUEEN'S COLL OLD BOYS' ASSN SEC SCH","CHEUNG ON ESTATE, PHASE I TSING YI NEW TERRITORIES"
"SALESIANS OF DON BOSCO NG SIU MUI SEC SC","30 KWAI HOP STREET KWAI CHUNG NEW TERRITORIES"
"SHEK LEI CATHOLIC SECONDARY SCHOOL","23-31 ON CHIT STREET SHEK YAM, KWAI CHUNG NEW TERRITORIES"
"SKH LAM WOO MEMORIAL SECONDARY SCHOOL","397 KWAI SHING CIRCUIT KWAI CHUNG NEW TERRITORIES"
"STFA LEE SHAU KEE COLLEGE","303 KWAI SHING CIRCUIT KWAI CHUNG NEW TERRITORIES"
"TWGH CHEN ZAO MEN COLLEGE","1-5 KWAI HOP STREET KWAI SHING, KWAI CHUNG NEW TERRITORIES"
"TWGH MRS WU YORK YU MEMORIAL COLLEGE","13-21 ON CHIT STREET KWAI CHUNG NEW TERRITORIES"
"TWGH SC GAW MEMORIAL COLLEGE","TSING SUM STREET TOWN CENTRE, TSING YI NEW TERRITORIES"
"ASBURY METHODIST PRIMARY SCHOOL","ESTATE SCHOOL NO.2 LAI KING ESTATE KWAI CHUNG NEW TERRITORIES"
"BUDD LAM BING YIM MEM SCH (SPSD BY HKBA)","33 TAI HA STREET TSUEN WAN NEW TERRITORIES"
"BUDDHIST LIM KIM TIAN MEMORIAL PRI SCH","PHASE 5 KWAI FONG ESTATE KWAI CHUNG NEW TERRITORIES"
"CCC CHUEN YUEN SECOND PRIMARY SCHOOL","3 SHEUNG KOK STREET TAI WO HAU TSUEN WAN NEW TERRITORIES"
"CCC KEI CHUN PRIMARY SCHOOL","11 WA LAI PATH KWAI CHUNG NEW TERRITORIES"
"CHO YIU CATHOLIC PRIMARY SCHOOL","CHO YIU CHUEN NO. 10 KING CHO ROAD KWAI CHUNG NEW TERRITORIES"
"CNEC LUI MING CHOI PRIMARY SCHOOL","CHEUNG FAT ESTATE TSING YI NEW TERRITORIES"
"CNEC TA TUNG SCHOOL","ESTATE SCHOOL NO 1 KWAI HING ESTATE KWAI CHUNG NEW TERRITORIES"
"ELCHK KWAI SHING LUTHERAN PRI SCH","ESTATE SCHOOL NO. 6 KWAI SHING ESTATE KWAI CHUNG NEW TERRITORIES"
"FR CUCCHIARA MEMORIAL SCHOOL","ESTATE SCHOOL NO. 2 CHEUNG CHING ESTATE TSING YI NEW TERRITORIES"
"PLK CHAN YAT PRIMARY SCHOOL","ESTATE PRIMARY SCHOOL NO.2 CHEUNG HONG ESTATE TSING YI NEW TERRITORIES"
"PO LEUNG KUK CASTAR PRIMARY SCHOOL","23 TSING LUK STREET TSING YI NEW TERRITORIES"
"S.K.H. TSING YI CHU YAN PRIMARY SCHOOL","CHEUNG WANG ESTATE TSING YI NEW TERRITORIES"
"S.K.H. YAN LAAP MEMORIAL PRIMARY SCHOOL","13 SHEUNG KOK STREET KWAI CHUNG NEW TERRITORIES"
"SALESIAN YIP HON MILLENNIUM PRI SCH","9 SHEK PAI STREET KWAI CHUNG NEW TERRITORIES"
"SALESIAN YIP HON PRIMARY SCHOOL","ON YAM ESTATE KWAI CHUNG NEW TERRITORIES"
"SHEK LEI CATHOLIC PRIMARY SCHOOL","11 SHEK PAI STREET KWAI CHUNG NEW TERRITORIES"
"SHEK LEI ST. JOHN'S CATHOLIC PRIMARY SCH","99 TAI PAK TIN STREET KWAI CHUNG NEW TERRITORIES"
"SKH CHU OI PRIMARY SCHOOL","45 TUNG CHI STREET SHEK YAM KWAI CHUNG NEW TERRITORIES"
"SKH CHU YAN PRIMARY SCHOOL","ESTATE SCHOOL NO 2 KWAI SHING ESTATE KWAI SHING NEW TERRITORIES"
"SKH HO CHAK WAN PRIMARY SCHOOL","CHEUNG HANG ESTATE TSING YI NEW TERRITORIES"
"SKH TSING YI EST HO CHAK WAN PRI SCH","3 TSING LUK STREET TSING YI NEW TERRITORIES"
"SKH YAN LAAP PRIMARY SCHOOL","399 KWAI SHING CIRCUIT KWAI CHUNG NEW TERRITORIES"
"SRBCEPSA LU KWONG FAI MEMORIAL SCHOOL","221 KWAI SHING CIRCUIT KWAI CHUNG NEW TERRITORIES"
"T.W.G.HS KO HO NING MEM PRI SCH","LAI YIU ESTATE KWAI CHUNG NEW TERRITORIES"
"TSING YI TRADE ASSOCIATION PRI SCH","12 CHING HONG ROAD CHEUNG HONG ESTATE TSING YI NEW TERRITORIES"
"TSUEN WAN TRADE ASSOCIATION PRI SCH","ESTATE PRIMARY SCHOOL NO.1 TSING YI ESTATE AREA 1 TSING YI  ISLAND NEW TERRITORIES"
"TWGH WONG SEE SUM PRIMARY SCHOOL","CHEUNG ON ESTATE TSING YI NEW TERRITORIES"
"TWGHS CHOW YIN SUM PRIMARY SCHOOL","8 TSING CHIN STREET TSING YI NEW TERRITORIES"
"YCH CHIU TSANG HOK WAN PRIMARY SCHOOL","ESTATE PRIMARY SCHOOL TSING YI ESTATE, PHASE II TSING YI NEW TERRITORIES"
"DELIA (MAN KIU) ENGLISH PRIMARY SCHOOL","ESTATE PRIMARY SCHOOL NO 2 CHEUNG ON ESTATE, PHASE II TSING YI NEW TERRITORIES"
"HKSYC&IA CHAN NAM CHONG MEMORIAL SCHOOL","22 WING FONG ROAD KWAI CHUNG NEW TERRITORIES"
"HONG CHI WINIFRED MARY CHEUNG MORN SCH","220 LAI KING HILL ROAD KWAI CHUNG NEW TERRITORIES"
"HONG KONG RED CROSS HOSPITAL SCHOOLS","KWAI CHUNG HOSPITAL 3-15 KWAI CHUNG HOSPITAL ROAD NEW TERRITORIES"
"LUTHERAN SCHOOL FOR THE DEAF","89 HING SHING ROAD KWAI CHUNG NEW TERRITORIES"
"PLK MR & MRS CHAN PAK KEUNG TSING YI SCH","2 TSING CHIN STREET TSING YI NEW TERRITORIES"
"SAHK B M KOTEWALL MEMORIAL SCHOOL","22 KWAI HOP STREET KWAI CHUNG NEW TERRITORIES"
"SAM SHUI NATIVES ASSN LAU PUN CHEUNG SCH","ESTATE SCHOOL NO. 3 BLOCK 10 KWAI SHING ESTATE NEW TERRITORIES"
"ANANI KINDERGARTEN","UNIT B & C, PODIUM LEVEL SHOPPING CENTRE, SHEK YAM ESTATE KWAI CHUNG NEW TERRITORIES"
"CCC CHUEN YUEN KINDERGARTEN","UNIT NO 4, PODIUM LEVEL 3 KWAI CHUNG SHOPPING CENTRE KWAI CHUNG ESTATE KWAI CHUNG NEW TERRITORIES"
"CHINESE YMCA KWAI CHUNG KINDERGARTEN","UNIT NO 3, PODIUM LEVEL 3 KWAI CHUNG SHOPPING CENTRE KWAI CHUNG ESTATE NEW TERRITORIES"
"ESF INTERNATIONAL KINDERGARTEN(TSING YI)","G/F AND MEZZANINE/F 33 TSING KING ROAD TSING YI NEW TERRITORIES"
"FU YIU KINDERGARTEN","G/F 
							SOUTH,WEST & NORTH WINGS FU YIU HOUSE LAI YIU ESTATE KWAI CHUNG NEW TERRITORIES"
"GREENVILLE ANGLO-CHINESE KINDERGARTEN","PODIUM FLOOR NEW KWAI FONG GARDENS KWAI CHUNG NEW TERRITORIES"
"HEEP HONG SOCIETY SFA HEALTHY KIDS KG","UNITS 10 - 16, G/F., KWAI TAK HOUSE KWAI FONG ESTATE KWAI CHUNG NEW TERRITORIES"
"HK SKH THE CHURCH OF THE EPIPHANY KG","BROADVIEW GARDEN 1 TSING LUK STREET TSING YI NEW TERRITORIES"
"ISLAMIC POK OI KINDERGARTEN","G/F 
							108-114  ON CHING HOUSE CHEUNG ON ESTATE PHASE II TSING YI ISLAND NEW TERRITORIES"
"KWAI CHUNG BAPTIST CHURCH KINDERGARTEN","G-2/F 
							21 TAI LOONG STREET KWAI CHUNG NEW TERRITORIES"
"KWAI SHING RHENISH CHURCH KINDERGARTEN","NO. G1, G/F., SHING KWOK HOUSE KWAI SHING EAST ESTATE KWAI CHUNG NEW TERRITORIES"
"LOK KING KINDERGARTEN","G/F 
							SOUTHERN END OF LOK KING HOUSE LAI KING ESTATE KWAI CHUNG NEW TERRITORIES"
"PEACE EVANGELICAL CENTRE KG (TSING YI)","G/F, WANG CHING HOUSE & WANG NGAI HOUSE CHEUNG WANG ESTATE TSING YI NEW TERRITORIES"
"PLK FIONA CHEUNG SUM YU KINDERGARTEN","UNITS NO. 208-214 FU CHING HOUSE, TAI WO HAU ESTATE TSUEN WAN NEW TERRITORIES"
"PLK MRS CHAO KING LIN KINDERGARTEN","G/F 
							ON YUN HOUSE CHEUNG ON ESTATE TSING YI NEW TERRITORIES"
"PLK MRS TAM WAH CHING KINDERGARTEN","UNIT 703, 7/F, SEUNG LAI HOUSE WAH LAI ESTATE LAI CHI KOK KOWLOON"
"PLK TIN KA PING KINDERGARTEN","G/F BLK O 
							CHING SHING COURT, LEVEL 1 CHEUNG HONG ESTATE TSING YI ISLAND NEW TERRITORIES"
"ROCK OF AGES LUTHERAN KINDERGARTEN","NO 1, G/F, SHEK SAU HOUSE SHEK LEI (I) ESTATE KWAI CHUNG NEW TERRITORIES"
"SIN CHING KINDERGARTEN","NO 8, G/F, FUNG KING HOUSE LAI KING ESTATE KWAI CHUNG NEW TERRITORIES"
"SKH CROWN OF THORNS CHURCH KWAI CHUNG KG","UNIT 4  G/F  CHUN KWAI HOUSE KWAI CHUNG ESTATE KWAI CHUNG NEW TERRITORIES"
"SKH CROWN OF THORNS CHURCH SADICK KG","PORTION G/F - 1/F &  PORTION 3/F - 4/F 67-73 TEXACO ROAD TSUEN WAN NEW TERRITORIES"
"ST STEPHEN'S CATHOLIC KINDERGARTEN","G/F 
							14 WING FONG ROAD HA KWAI CHUNG NEW TERRITORIES"
"ST THOMAS' CATHOLIC KINDERGARTEN","5 TSING LUK STREET TSING YI NEW TERRITORIES"
"SUN ISLAND ENGLISH KG (KWAI HING BRANCH)","PART OF 2/F & 3/F KCTL 377 SUN KWAI HING GARDEN KWAI CHUNG NEW TERRITORIES"
"SUNG KEI KINDERGARTEN","G/F BLK 6 
							KWAI SHING WEST ESTATE KWAI CHUNG"
"TIVOLI ANGLO-CHINESE KINDERGARTEN","G/F 
							TOWER 4, TIVOLI GARDEN 75 TSING KING ROAD TSING YI NEW TERRITORIES"
"TSING YI TRADE ASSOCIATION KINDERGARTEN","G/F, CARPARK BUILDING CHING WAH COURT TSING YI ISLAND NEW TERRITORIES"
"TSING YI TRADE ASSOCIATION SHEK YAM KG","G/F, YAM HENG HOUSE SHEK YAM EAST ESTATE KWAI CHUNG NEW TERRITORIES"
"TSUEN WAN BAPTIST CHURCH SHEK LEI KG","G/F, SHEK WING HOUSE SHEK LEI (II) ESTATE KWAI CHUNG NEW TERRITORIES"
"TSUEN WAN TRADE ASSN CHU CHEONG KG","UNIT NO 1, G/F., HING LOK HOUSE KWAI HING ESTATE KWAI CHUNG NEW TERRITORIES"
"TSUEN WAN TRADE ASSN YAU KIN FUNG KG","WING B AND C, G/F YIU YAM HOUSE  AND  WING B, G/F TAK YAM HOUSE, ON YAM ESTATE TSUEN WAN NEW TERRITORIES"
"TSUEN WAN TRADE ASSOCIATION CHUNG LOI KG","G/F 
							UNIT 1 - 5 & 11 - 15, G/F. CHING NGA COURT TSING YI NEW TERRITORIES"
"TWGH WONG WU LAI MING KINDERGARTEN","G/F, SHEK FU HOUSE SHEK LEI (II) ESTATE KWAI CHUNG NEW TERRITORIES"
"YAN OI TONG PANG HUNG CHEUNG KG","G/F, FU TAI HOUSE (BLOCK 15) TAI WO HAU ESTATE TSUEN WAN NEW TERRITORIES"
"ASBURY METHODIST KINDERGARTEN","TAI WO HAU TSUEN WAN NEW TERRITORIES"
"CHEUNG CHING LUTHERAN DAY NURSERY","2/F 
							309-314 CHING KWAI HOUSE CHEUNG CHING ESTATE TSING YI NEW TERRITORIES"
"CHOICE ENGLISH SCH & KG (TSING YI BR)","G/F - 1/F, BLOCK 1, TSING YI GARDEN TSING YI NEW TERRITORIES"
"CREATIVE KINDERGARTEN (TSING YI)","CARPARK LEVEL 1 & PODIUM ENTRANCE HALL   MOUNT HAVEN 3 LIU TO ROAD TSING YI NEW TERRITORIES"
"ELCHK  GRACE NURSERY SCHOOL","G/F 
							FUNG YAT SOCIAL SERVICE COMPLEX 364 KWAI SHING CIRCUIT KWAI CHUNG NEW TERRITORIES"
"ELCHK  LING KUNG NURSERY SCHOOL","G/F 
							WING A, YEE KUI HOUSE TSING YI ESTATE TSING YI NEW TERRITORIES"
"GOOD HEALTH AC KG (TSING YI SOUTH)","L1 & L2, SHOPPING ARCADE, BLOCK 11 & 12 MAYFAIR GARDENS 2 - 16 SAI SHAN ROAD TSING YI NEW TERRITORIES"
"GOOD HEALTH ANGLO-CHINESE KG (TSING YI)","PART OF 1/F SERENE GARDEN COMMERCIAL BUILDING 77 TSING KING ROAD, TSING YI NEW TERRITORIES"
"HK YNG WOMEN'S CHRISTIAN ASST TY NUR SCH","P1/F. CHING HO HOUSE CHEUNG CHING ESTATE TSING YI NEW TERRITORIES"
"HKSKH LADY MACLEHOSE CTR (SHEK YAM) KG","G/F 
							COMMERCIAL CENTRE SHEK YAM ESTATE PHASE 2 KWAI CHUNG NEW TERRITORIES"
"HKSKH LADY MACLEHOSE CTR KG","3/F 
							22 WO YI HOP ROAD KWAI CHUNG NEW TERRITORIES"
"HKYWCA CHEUNG CHING NURSERY SCHOOL","5/F AND ROOF PLAYGROUND CHEUNG CHING ESTATE COMMUNITY CENTRE CHEUNG CHING ESTATE TSING YI NEW TERRITORIES"
"LAI KING RHENISH NURSERY","1/F BLK 5 
							YEUNG KING HOUSE LAI KING ESTATE KWAI CHUNG NEW TERRITORIES"
"LEARNING HABITAT KG","LEVEL 1, COMMERCIAL BUILDING OF PHASE 1 VILLA ESPLANADA 8 NGA YING CHAU STREET TSING YI NEW TERRITORIES"
"MARITIME SQUARE LUTHERAN DAY NURSERY","PORTION OF G/F MARITIME SQUARE 33 TSING KING ROAD TSING YI NEW TERRITORIES"
"NTW&JWA L CHEUNG FAT NURSERY SCHOOL","5/F 
							CHEUNG FAT ESTATE COMMUNITY CENTRE CHEUNG FAT ESTATE TSING YI NEW TERRITORIES"
"OASIS ENGLISH KINDERGARTEN","SHOPS NO. 21, G/F & NO. 1, 1/F. COMMERCIAL COMPLEX OF WONDERLAND VILLAS 9 WAH KING HILL ROAD KWAI CHUNG NEW TERRITORIES"
"PLK LUI CHAN WAI CHING (KWAI FONG) KG","15-22, G/F KWAI ON HOUSE KWAI FONG ESTATE KWAI CHUNG NEW TERRITORIES"
"PLK MR & MRS CHARLIE LEE KINDERGARTEN","WING B&C, PODIUM LEVEL SHING YAT HOUSE, KWAI SHING EAST ESTATE KWAI CHUNG NEW TERRITORIES"
"SA FU KEUNG KINDERGARTEN","UNITS 121 - 140, G/F, FU KEUNG HOUSE TAI WO HAU ESTATE TSUEN WAN NEW TERRITORIES"
"SA TAI WO HAU NURSERY SCH","215,217,219 & 221-232, 1/F FU KEUNG HOUSE TAI WO HAU  ESTATE TSUEN WAN NEW TERRITORIES"
"SKH ST CHRISTOPHER'S NUR (KWAI CHUNG)","UNIT NO. 1, PODIUM LEVEL 3 KWAI CHUNG SHOPPING CENTRE KWAI CHUNG ESTATE NEW TERRITORIES"
"TIVOLI KINDERGARTEN","SHOP 21-25, 1/F, TSING YI SQUARE TSING YI GARDEN TSING YI NEW TERRITORIES"
"TIVOLI KINDERGARTEN (CHING FU)","G/F. BLOCK A CHING FU COURT TSING YI NEW TERRITORIES"
"TWGHS LIONS CLUB THE PEAK HK NUR SCH","G/F BLK 10 
							KWAI SHING WEST ESTATE KWAI SHING NEW TERRITORIES"
"W.F.B. MANJUSRI NURSERY SCH","G/F 
							HONG ON HOUSE CHEUNG HONG ESTATE TSING YI NEW TERRITORIES"
"YAN CHAI HOSPITAL JU CHING CHU KG","G/F, CHAK YAM HOUSE ON YAM ESTATE KWAI CHUNG NEW TERRITORIES"
"YAN CHAI HOSPITAL TUNG PAK YING KG","G/F, WING B & C, SHEK TAI HOUSE SHEK LEI (I) ESTATE KWAI CHUNG NEW TERRITORIES"
"YCH ZONTA CLUB OF KOWLOON KINDERGARTEN","WING B & PART OF WING A, G/F HANG YIP HOUSE, CHEUNG HANG ESTATE TSING YI NEW TERRITORIES"
"ACCOUNTABLE EDUCATION CENTRE (KWAI FONG)","SHOP 132, KWAI FONG PLAZA KWAI FONG ESTATE 177 HING FONG ROAD KWAI CHUNG NEW TERRITORIES"
"AGAPE LOVE EDUCATION CENTRE","SHOP NO 12 , G/F, TSING YI SQUARE TSING YI GARDEN 7 - 19 TSING LUK STREET TSING YI NEW TERRITORIES"
"AMAZING STAR EDUCATION CENTRE","UNIT 1, 6/F. KWAI FONG COMMERCIAL CENTRE 7 SHING FONG STREET KWAI CHUNG NEW TERRITORIES"
"BABINGTON EDUCATION CENTRE (KWAI CHUNG)","SHOP B326 - B327, 3/F. SHEK LEI SHOPPING CENTRE PHASE 2 SHEK LEI ESTATE, 110 TAI LOONG STREET KWAI CHUNG NEW TERRITORIES"
"BABINGTON EDUCATION CENTRE (TSING YI)","SHOP 19, 1/F., TSING YI GARDEN 7 - 19 TSING LUK STREET TSING YI NEW TERRITORIES"
"BACHELOR LEARNING CENTRE","G/F, 16 CHUNG MEI ROAD TSING YI NEW TERRITORIES"
"BACHELOR LEARNING CENTRE (CHUNG MEI BR)","G/F, 28 CHUNG MEI ROAD TSING YI NEW TERRITORIES"
"BAND ONE TUTORIAL DAY SCHOOL (SHEK YAM)","SHOP NO LG115, LG1/F SHEK YAM SHOPPING CENTRE SHEK YAM ESTATE KWAI CHUNG NORTH NEW TERRITORIES"
"BAND ONE TUTORIAL EVE SCHOOL (SHEK YAM)","SHOP NO LG115, LG1/F SHEK YAM SHOPPING CENTRE SHEK YAM ESTATE KWAI CHUNG NORTH NEW TERRITORIES"
"BRIGHT ENGLISH EDU CTR (KWAI FONG)","SHOP 113, 1/F. KWAI FONG PLAZA KWAI FONG ESTATE, 177 HING FONG ROAD KWAI CHUNG NEW TERRITORIES"
"BRIGHT ENGLISH EDU CTR (TSING YI)","SHOP NO. 18, 1/F. TSING YI GARDEN 7-19 TSING LUK STREET TSING YI NEW TERRITORIES"
"BRILLIANT CLASS TUT CENTRE (TAI WO HAU)","SHOP NO 3, G/F, FU TAK HOUSE TAI WO HAU ESTATE KWAI CHUNG NEW TERRITORIES"
"BRUCE'S LEARNING CENTRE","ROOM 401, 4/F KWAI FONG COMMERCIAL CENTRE 7 SHING FONG STREET KWAI CHUNG NEW TERRITORIES"
"BUD TUTORIAL SCHOOL (NORTH KWAI)","SHOP E, G/F HOOVER COURT 43 TAI PAK TIN STREET KWAI CHUNG NEW TERRITORIES"
"CAI HUI EDUCATION CENTER","SHOP 101, 1/F. BROADVIEW GARDEN COMMERCIAL CENTRE 1 TSING LUK STREET TSING YI NEW TERRITORIES"
"CHARISMA EDUCATION CENTRE","SHOP B23, 1/F., KWAI CHUNG CENTRE 100 - 102 KWAI HING ROAD KWAI CHUNG NEW TERRITORIES"
"COGNITIVE LEARNING CENTRE","UNIT 1, 9/F, KWAI FONG COMMERCIAL CENTRE 7 SHING FONG STREET KWAI FONG NEW TERRITORIES"
"DISCOVERY ENGLISH EDUCATION CENTRE","SHOP NO 18, G/F, TSING YI SQUARE NOS 7-19 TSING LUK STREET TSING YI NEW TERRITORIES"
"DR I-KIDS EDU CENTRE (VILLA ESPLANADA)","SHOP 4, LEVEL 3 VILLA ESPLANADA COMMERCIAL BLOCK 8 NGA YING CHAU STREET TSING YI NEW TERRITORIES"
"DRAGONFLY MUSIC EDUCATION CENTER","SHOP 7, G/F., GEE CHANG HOUSE 14 - 18 & 22 TAI LOONG STREET KWAI CHUNG NEW TERRITORIES"
"DUMBO'S (CHEUNG HONG) LEARNING CENTRE","SHOP 210, 2/F CHEUNG HONG SHOPPING CENTRE II TSING YI NEW TERRITORIES"
"EASY LEARNING EDUCATION CTR (LAI KING)","SHOP E109, 1/F, CHO YIU CENTRE CHO YIU CHUEN 6 KING CHO ROAD KWAI CHUNG NEW TERRITORIES"
"EF ENGLISH CENTER - KWAI FONG","UNITS 3801 - 3807 & 3825, 38/F., TOWER 1 METROPLAZA 223 HING FONG ROAD KWAI CHUNG NEW TERRITORIES"
"ELABORATION TUTORIAL CENTRE","SHOP 108, 1/F. BROADVIEW GARDEN COMMERCIAL CENTRE 1 TSING LUK STREET TSING YI NEW TERRITORIES"
"EMINENT ACT EDUCATION CENTRE","SHOP B16, 1/F, KWAI CHUNG CENTRE 102 KWAI HING ROAD KWAI CHUNG NEW TERRITORIES"
"EVERGREEN WAY EDU CENTRE (CHEUNG HANG)","SHOP 309 & 310, 3/F. CHEUNG HANG SHOPPING CENTRE CHEUNG HANG ESTATE TSING YI NEW TERRITORIES"
"EVERGROWING LANGUAGE LEARNING CENTRE","SHOP NO 8, G/F, TSING YI SQUARE TSING YI GARDEN 7-19 TSING LUK STREET TSING YI NEW TERRITORIES"
"EYE LEVEL GRACELAND EDU CTR (TSING YI)","SHOP 2, G/F., TSING YI SQUARE 7 - 19 TSING LUK STREET TSING YI NEW TERRITORIES"
"FAITHFULNESS EDUCATION CENTRE","SHOP NOS 31 & 32, LEVEL 3, WESTERN BLOCK MAYFAIR GARDENS 2-16 SAI SHAN ROAD TSING YI NEW TERRITORIES"
"FLIP ZONE CREATIVE LEARNING CENTRE","SHOP 6 & 7, G/F., WO YI PLAZA 26 - 30 WO YI HOP ROAD KWAI CUNG NEW TERRITORIES"
"FOCUS ONE EDUCATION CENTRE","SHOP B2 & B15, 1/F. KWAI CHUNG CENTRE 102 KWAI HING ROAD KWAI CHUNG NEW TERRITORIES"
"FULL BROAD EDUCATION CENTRE","SHOP 207, 2/F. CHEUNG HONG COMMERCIAL CENTRE PHASE 2 12 CHING HONG ROAD TSING YI NEW TERRITORIES"
"GREATEST EDUCATION CENTRE","SHOP 128D, 1/F. LEI MUK SHUE SHOPPING CENTRE LEI MUK SHUE ESTATE KWAI CHUNG NEW TERRITORIES"
"GREATNESS LEARNING CENTRE","UNIT 4, 7/F, KWAI FONG COMMERCIAL CENTRE 7 SHING FONG STREET KWAI CHUNG NEW TERRITORIES"
"GREATNESS LEARNING CENTRE (KWAI HING)","SHOP 502, 5/F., LIFE@KCC 72 - 76 KWAI CHEONG ROAD KWAI CHUNG NEW TERRITORIES"
"GREEN SMART IN ACTION EDUCATION CENTRE","SHOP 10, G/F., BLOCK E, CHO YIU CENTRE CHO YIU CHUEN 6 KING CHO ROAD KWAI CHUNG NEW TERRITORIES"
"GROWMATE LEARNING CENTRE","SHOP 209, 2/F CHEUNG HONG COMMERCIAL CENTRE PHASE 2 12 CHING HONG ROAD TSING YI NEW TERRITORIES"
"GROWMATE LEARNING CENTRE (CHEUNG HANG)","SHOP 301, 3/F. CHEUNG HANG SHOPPING CENTRE CHEUNG HANG ESTATE TSING YI NEW TERRITORIES"
"HAPPY JUMPING BEAN LEARNING CENTRE","SHOP NO 3 & 4A, 1/F, YEE FAT BUILDING 202 WO YI HOP ROAD KWAI CHUNG NEW TERRITORIES"
"HAYDEN'S EDUCATION CENTRE","SHOP 3A, LG/F. KWAI CHUNG FA YUEN SHOPPING ARCADE 50 - 56 WO YI HOP ROAD KWAI CHUNG NEW TERRITORIES"
"HKSKH LADY MACL CTR TSING YI E C (DAY)","CLASSROOMS W004, W006 & W008 UNITS 127-144, G/F. ON TAO HOUSE, CHEUNG ON ESTATE TSING YI NEW TERRITORIES"
"HKSKH LADY MACL CTR TSING YI E C (EV)","CLASSROOMS W004, W006 & W008 UNITS 127-144, G/F ON TAO HOUSE, CHEUNG ON ESTATE TSING YI NEW TERRITORIES"
"HOI KAM TUT CTR (YUET LAI)","SHOP NOS. 111, 112, 113, 115 & 117 G/F., ON TAO HOUSE, CHEUNG ON ESTATE TSING YI NEW TERRITORIES"
"IVAN CREATIVE EDUCATION CENTRE","SHOP 37, G/F, BANK BUILDING 23 - 51 TAI LOONG STREET KWAI CHUNG NEW TERRITORIES"
"JEI DIVERSITY LEARNING CENTRE (TSING YI)","SHOP 409, 4/F., CHEUNG FAT PLAZA CHEUNG FAT ESTATE 6 TAM KON SHAN ROAD TSING YI NEW TERRITORIES"
"JOLLY KINGDOM ENG LE CENTRE (KWAI FONG)","SHOP 133, 1/F., KWAI FONG PLAZA KWAI FONG ESTATE 177 HING FONG ROAD KWAI CHUNG NEW TERRITORIES"
"JOLLY KINGDOM ENGLISH LE CTR (KWAI HING)","SHOP 503, 5/F., LIFE@KCC 72 - 76 KWAI CHEONG ROAD KWAI CHUNG NEW TERRITORIES"
"JOLLY KINGDOM ENGLISH LE CTR (TSING YI)","SHOP 14F, 1/F., TSING YI SQUARE TSING YI GARDEN 7 - 19 TSING LUK STREET TSING YI NEW TERRITORIES"
"JOYOUS LEARNING SCHOOL","SHOP 36, LG/F., KWAI SING CENTRE 416 CASTLE PEAK ROAD KWAI CHUNG NEW TERRITORIES"
"JUST LEUNGS TUTORIAL CENTRE","G/F, NO 7 TAI WONG HA VILLAGE TSING YI NEW TERRITORIES"
"KID SMART SCHOOL (TSING YI)","SHOP 102 GREENFIELD GARDEN COMMERCIAL CENTRE PHASE 2 TSING YI NEW TERRITORIES"
"KIDDOLAND ENGLISH EDUCATION CENTRE","SHOP 204, LG2/F. SHEK YAM SHOPPING CENTRE SHEK YAM ESTATE, 120 LEI MUK ROAD KWAI CHUNG NEW TERRITORIES"
"KIDS FUN ACADEMY EDUCATION CENTRE","SHOP 6, LEVEL 1, RAMBLER PLAZA RAMBLER CREST 1 TSING YI ROAD TSING YI NEW TERRITORIES"
"KIU KA LEARNING CENTER","SHOP NO 19, 1/F, YEE FAT BUILDING 186 - 218 WO YI HOP ROAD KWAI CHUNG NEW TERRITORIES"
"KUMON KWAI FONG EDUCATION CENTRE","SHOP 124, 1/F., KWAI FONG PLAZA KWAI FONG ESTATE 177 HING FONG ROAD KWAI CHUNG NEW TERRITORIES"
"KUMON KWAI HING EDUCATION CENTRE","SHOP B-46, 1/F KWAI CHUNG CENTRE 102 KWAI HING ROAD KWAI CHUNG NEW TERRITORIES"
"KUMON SHEK YAM EDUCATION CENTRE","SHOP 26, 1/F., YEE FAT BUILDING 202 WO YI HOP ROAD KWAI CHUNG NEW TERRITORIES"
"KUMON TSING YI EDUCATION CENTRE","SHOP 117, LEVEL 3 MAYFAIR GARDENS SHOPPING ARCADE TSING YI NEW TERRITORIES"
"KUMON WONDER KIDS EDU CENTRE","SHOP NO. 17, 1/F. TSING YI GARDEN NOS. 7 - 19 TSING LUK STREET TSING YI NEW TERRITORIES"
"LEADING ACE EDUCATION CENTRE","SHOP 06, G/F., CHEONG SHEN MANSION 121 - 127 TAI LOONG STREET KWAI CHUNG NEW TERRITORIES"
"LEARNING ACCELERATION EDUCATION CENTRE","UNIT 4, 9/F, KWAI FONG COMMERCIAL CENTRE 7 SHING FONG STREET KWAI FONG NEW TERRITORIES"
"LEARNING BRIDGE EDU CENTRE (TAI WO HAU)","SHOP NO. C14, 3/F. TAI WO HAU COMMERCIAL CENTRE TAI WO HAU ESTATE KWAI CHUNG NEW TERRITORIES"
"LEARNING BUDDY EDUCATION CENTRE","SHOP NO.12, 1/F. SHUI KING BUILDING 160 WO YI HOP ROAD KWAI CHUNG NEW TERRITORIES"
"LEARNING SEED EDUCATION CTR (KWAI CHUNG)","SHOP NO 106B KWAI SHING EAST SHOPPING CENTRE KWAI SHING EAST ESTATE KWAI CHUNG NEW TERRITORIES"
"LOGIC TUTORIAL CENTRE (SHEK YAM)","SHOP G06, G/F., SHEK YAM SHOPPING CENTRE SHEK YAM ESTATE 120 LEI MUK ROAD, KWAI CHUNG NEW TERRITORIES"
"LOK SING PING TUTORIAL CENTRE","G/F, 101 CHUNG MEI CHUEN TSING YI NEW TERRITORIES"
"LOVO CLASSROOM EDU CENTRE (EVENING SCH)","FLAT B & D, 2/F. KWONG FAI MANSION NOS 7 & 9 KWONG FAI CIRCUIT KWAI CHUNG NEW TERRITORIES"
"LOVO CLASSROOM EDUCATION CENTRE","FLAT B & D, 2/F. KWONG FAI MANSION NOS 7 & 9 KWONG FAI CIRCUIT KWAI CHUNG NEW TERRITORIES"
"MASTERY EDU CTR(NOB HILL SQUARE)","SHOPS 146 & 147, 1/F. NOB HILL SQUARE 8 KING LAI PATH KWAI CHUNG NEW TERRITORIES"
"MASTERY EDUCATION CENTRE (KWAI FONG)","SHOP NO 15, G/F KWAI FONG SHOPPING CENTRE HING FONG ROAD KWAI CHUNG NEW TERRITORIES"
"MASTERY EDUCATION CENTRE (MAYFAIR)","SHOP 75, LEVEL 3, MAYFAIR GARDENS 2-16 SAI SHAN ROAD TSING YI NEW TERRITORIES"
"MASTERY EDUCATION CENTRE (SHEK YAM)","SHOP 2 & 17, G/F. SHEK YAM SHOPPING CENTRE SHEK YAM ESTATE, 120 LEI MUK ROAD KWAI CHUNG NEW TERRITORIES"
"MATHCONCEPT LEARNING CENTER (KWAI FONG)","SHOP 134, 1/F., KWAI FONG PLAZA KWAI FONG ESTATE 177 HING FONG ROAD KWAI CHUNG NEW TERRITORIES"
"MATHCONCEPT LEARNING CENTER (TSING YI)","SHOP 2, 1/F., TSING YI SQUARE TSING YI GARDEN 7 - 19 TSING LUK STREET TSING YI NEW TERRITORIES"
"MEMORY EDUCATION LEARNING CENTRE","SHOP 5C, G/F., LAI CHI KOK BAY GARDEN 272 LAI KING HILL ROAD NEW TERRITORIES"
"MONKEY TREE ENG LRN CTR(MARITIME SQUARE)","SHOP 110, 1/F. MARITIME SQUARE 1 33 TSING KING ROAD TSING YI NEW TERRITORIES"
"MONKEY TREE ENGLISH LE CTR (KWAI CHUNG)","SHOP 506, 5/F., LIFE@KCC 72 - 76 KWAI CHEONG ROAD KWAI CHUNG NEW TERRITORIES"
"MR. MATHEMATICS EDUCATION CENTRE","SHOP 71, G/F., KWAI SING CENTRE 412 CASTLE PEAK ROAD KWAI CHUNG NEW TERRITORIES"
"NEIGHBOURHOOD & WK'S EDU CTR (KWAI HING)","NO 12, GROUND FLOOR, HING FUK HOUSE KWAI HING ESTATE KWAI CHUNG NEW TERRITORIES"
"NEIGHBOURHOOD & WK'S EDU CTR (TSING YI)","UNIT 122-126, G/F, ON TAO HOUSE CHEUNG ON ESTATE TSING YI NEW TERRITORIES"
"NEW KNOWLEDGE LEARNING CENTRE","SHOP NO 20, 1/F. TSING YI GARDEN NOS 7-19 TSING LUK STREET TSING YI NEW TERRITORIES"
"PARENTING EDUCATION CENTRE","SHOP 606, 6/F. LIFE@KCC, 72-76 KWAI CHEONG ROAD KWAI CHUNG NEW TERRITORIES"
"PENASIA SCHOOL OF CONT EDU (LAI KING)","SHOP 101 - 105, 1/F, BLOCK C CHO YIU CENTRE, CHO YIU CHUEN 6 KING CHO ROAD KWAI CHUNG NEW TERRITORIES"
"PLK CHAN YAT EDUCATION SERVICES CENTRE","ESTATE PRIMARY SCHOOL NO 2 CHEUNG HONG ESTATE TSING YI NEW TERRITORIES"
"PO LEUNG KUK CASTAR EDU SERVICES CENTRE","CLASSROOMS 5, 7, 13, 15, 17 AND 19 TSING LUK STREET, TSING YI, N.T. (AFTER 3:30 P.M.) NEW TERRITORIES"
"POPULAR LEARNING CTR (KWAI FONG PLAZA)","SHOP 122, 1/F. KWAI FONG PLAZA, KWAI FONG ESTATE 177 HING FONG ROAD KWAI CHUNG NEW TERRITORIES"
"POPULAR LEARNING CTR (TSING YI SQUARE)","SHOP 48, G/F. TSING YI SQUARE 7 - 19 TSING LUK STREET TSING YI NEW TERRITORIES"
"PRINCIPAL CHAN FREE TUT W MC KWC LE CTR","SHOP NOS. E101 - 106, 1ST FLOOR, BLOCK E CHO YIU CENTRE, CHO YIU CHUEN 6 KING CHO ROAD KWAI CHUNG NEW TERRITORIES"
"RIGHT LEARNING EDUCATION CENTRE","SHOP NO 8, G/F, MAI FUNG BUILDING 6 YAN FONG STREET KWAI CHUNG NEW TERRITORIES"
"SAM AND BILLY EDUCATION CTR (TAI WO HAU)","SHOP NO. 2. G/F., FU TAK HOUSE TAI WO HAU ESTATE KWAI CHUNG NEW TERRITORIES"
"SAPIENT TUTORIAL CENTRE","SHOP 6, 1/F, YEE FAT BUILDING 202 WO YI HOP ROAD KWAI CHUNG NEW TERRITORIES"
"SHEK LEI WISE TALENT TUTORIAL CENTER","SHOP 1A & 1B, LOWER G/F KAM HENG BUILDING 72 WO YI HOP ROAD KWAI CHUNG NEW TERRITORIES"
"SMARTKIDS HOUSE EDU CENTRE (KWAI CHUNG)","UNIT B2, 1/F, YEN YA BUILDING 11 TAI HA STREET KWAI CHUNG NEW TERRITORIES"
"SMILING SEED EDU CTR (SHEK LEI)","SHOP NO. B321, THIRD FLOOR SHEK LEI SHOPPING CENTRE (PHASE 2) SHEK LEI ESTATE, NO.110 TAI LOONG STREET KWAI CHUNG NEW TERRITORIES"
"SOAR WING EDUCATION CENTER","G/F. 6 TSING YU NEW VILLAGE TSING YI NEW TERRITORIES"
"SO-IN KEPLER EDUCATION CENTRE","SHOP 505, 5/F. LIFE@KCC 72-76 KWAI CHEONG ROAD KWAI CHUNG NEW TERRITORIES"
"SOUTH KWAI CHUNG SOCIAL SERVICE CMY SCH","UNIT 6, G/F, YEUNG KING HOUSE LAI KING ESTATE KWAI CHUNG NEW TERRITORIES"
"SPRING POEMS EDUCATION CENTRE","SHOP 304, 3/F. CHEUNG HONG COMMERCIAL CENTRE PHASE 2 CHEUNG HONG ESTATE, 12 CHING HONG ROAD TSING YI NEW TERRITORIES"
"STAR GENIUS KNOWLEDGE EDUCATION CENTRE","ROOM G, 1/F, KING PO MANSION 17-19 SHING FONG STREET KWAI CHUNG NEW TERRITORIES"
"STEP AHEAD EDUCATIONAL CENTRE (TSING YI)","SHOP 46-47, G/F TSING YI SQUARE, TSING YI GARDEN 7-19 TSING LUK STREET TSING YI NEW TERRITORIES"
"STUDIOUS ACHIEVERS TUTORIAL CENTRE","G/F., 62 FUNG SHUE WO VILLAGE RESITE TSING YI NEW TERRITORIES"
"SUCCESSFUL ELITE EDUCATION CENTRE","UNIT 1, 5/F. KWAI FONG COMMERCIAL CENTRE 7 SHING FONG STREET KWAI FONG NEW TERRITORIES"
"SUCCESSFUL EXCELLENT EDUCATION CENTRE","UNIT 4, 6/F. KWAI FONG COMMERCIAL CENTRE 7 SHING FONG STREET KWAI CHUNG NEW TERRITORIES"
"SUM YIN EDUCATION CENTRE","SHOP NO 9, 1/F, SHUI KING BUILDING 160 WO YI HOP ROAD KWAI CHUNG NEW TERRITORIES"
"THE WISDOMOLOGY EDUCATION CENTRE","SHOP 120, 1/F. KWAI FONG PLAZA, KWAI FONG ESTATE 177 HING FONG ROAD KWAI CHUNG NEW TERRITORIES"
"THINK WIDE LEARNING CENTRE","SHOP B20, 1/F., KWAI CHUNG CENTRE 100 - 102 KWAI HING ROAD KWAI CHUNG NEW TERRITORIES"
"TOP INTERACTIVE EDUCATION CENTER","SHOP NO. 5, G/F, CHEONG SHEN MANSION 113/117 AND 121/127 TAI LOONG STREET KWAI CHUNG NEW TERRITORIES"
"TOP SMARTIES LEARNING CENTRE","SHOP B17 & B22, 1/F. KWAI CHUNG CENTRE 100 - 102 KWAI HING ROAD KWAI CHUNG NEW TERRITORIES"
"TOP WOOD EDUCATION CENTRE (TSING YI)","SHOP NO 45, G/F, TSING YI SQUARE TSING YI GARDEN 7-19 TSING LUK STREET TSING YI NEW TERRITORIES"
"UP TUTOR EDUCATION CENTRE","SHOP NO 26, G/F TSING YI GARDEN NOS 7-19 TSING LUK STREET TSING YI NEW TERRITORIES"
"WAN FUNG EDUCATIONAL CENTRE","MINOR PORTION OF SHOP A1 & A2, G/F YUET BOR BUILDING 18 - 20 SHUN FONG STREET KWAI FONG NEW TERRITORIES"
"WAY MOND TUTORIAL CENTRE","PORTONS NOS 23  24  25 AND 26 COCKLOFT, KWAI PO BUILDING 102-116 LEI MUK ROAD & NOS 135-147 SHEK YAM ROAD, KWAI CHUNG NEW TERRITORIES"
"WAY MOND TUTORIAL CENTRE (EV SCH)","PORTIONS NOS 23 24 25 AND 26 COCKLOFT, KWAI PO BUILDING 102-116 LEI MUK ROAD & NOS 135-147 SHEK YAM ROAD, KWAI CHUNG NEW TERRITORIES"
"WISDOM MATE EDUCATION CENTER","G/F, 139 CHUNG MEI LO UK VILLAGE TSING YI NEW TERRITORIES"
"YIN LOK TUTORIAL SCHOOL (KWAI SING CTR)","SHOP NOS 11-12, LG/F, KWAI SING CENTRE 416 CASTLE PEAK ROAD KWAI CHUNG NEW TERRITORIES"
"YMCA COLLEGE OF CAREERS","PORTION OF 1/F - 2/F & 4/F 32-40 KWAI SHING CIRCUIT ( KCTL 321 ) KWAI CHUNG NEW TERRITORIES"
